state,month,fips,cases,deaths,new_cases,new_deaths
Alabama,1,30,12459174,179087,94356.0,2739.0
Alabama,3,19,6129,42,999.0,14.0
Alabama,4,30,125166,4044,6069.0,258.0
Alabama,5,31,372033,14438,10884.0,358.0
Alabama,6,30,800287,23697,20093.0,320.0
Alabama,7,31,1918336,38436,49678.0,630.0
Alabama,8,31,3355858,58883,38335.0,602.0
Alabama,9,30,4227298,71419,28643.0,358.0
Alabama,10,31,5332670,85064,37584.0,427.0
Alabama,11,30,6584507,98538,57239.0,611.0
Alabama,12,31,9513716,131827,111702.0,1249.0
Alaska,1,60,1528049,6813,7111.0,55.0
Alaska,3,40,851,8,133.0,2.0
Alaska,4,60,8231,173,220.0,5.0
Alaska,5,62,12256,243,116.0,1.0
Alaska,6,60,23003,291,663.0,4.0
Alaska,7,62,67633,496,2543.0,9.0
Alaska,8,62,154871,843,2400.0,13.0
Alaska,9,60,220233,1265,2632.0,18.0
Alaska,10,62,367261,1890,7540.0,25.0
Alaska,11,60,721036,2802,16160.0,38.0
Alaska,12,62,1278752,5136,14333.0,83.0
Arizona,1,144,19698025,329548,232199.0,4232.0
Arizona,2,116,29,0,0.0,0.0
Arizona,3,124,6830,118,1297.0,24.0
Arizona,4,120,128668,4870,6350.0,296.0
Arizona,5,124,417110,19864,12288.0,586.0
Arizona,6,120,1297231,37510,59463.0,739.0
Arizona,7,124,4105142,79906,94709.0,2050.0
Arizona,8,124,5951480,138063,27758.0,1336.0
Arizona,9,120,6320568,161423,16645.0,623.0
Arizona,10,124,7142027,179976,27451.0,325.0
Arizona,11,120,8449500,189527,81084.0,661.0
Arizona,12,124,13328487,237564,196783.0,2239.0
Arkansas,1,150,7951907,128073,69249.0,1162.0
Arkansas,3,105,3965,36,564.0,8.0
Arkansas,4,150,53571,1007,2717.0,53.0
Arkansas,5,155,150100,3137,3972.0,72.0
Arkansas,6,150,402154,5895,13524.0,137.0
Arkansas,7,155,972426,10829,21734.0,183.0
Arkansas,8,155,1633930,19077,18713.0,344.0
Arkansas,9,150,2173272,32549,22473.0,572.0
Arkansas,10,155,3025302,51328,28493.0,556.0
Arkansas,11,150,4031431,66765,45169.0,577.0
Arkansas,12,155,5960217,95245,67779.0,1174.0
California,1,222,86991510,988888,1001697.0,14729.0
California,2,174,285,0,25.0,0.0
California,3,186,55406,1113,8555.0,184.0
California,4,180,865585,30176,41887.0,1873.0
California,5,186,2476264,99379,62644.0,2185.0
California,6,180,4905111,155690,119039.0,1841.0
California,7,186,11404982,232621,270120.0,3139.0
California,8,186,19168697,349458,210268.0,3798.0
California,9,180,23157818,438311,108584.0,2878.0
California,10,186,27163983,522654,114123.0,1763.0
California,11,180,31809048,551791,301944.0,1548.0
California,12,186,53958843,683920,1070577.0,6756.0
Colorado,1,240,11140378,161228,60541.0,817.0
Colorado,3,216,18603,344,2990.0,69.0
Colorado,4,240,264026,11715,12217.0,706.0
Colorado,5,248,660633,35594,11157.0,670.0
Colorado,6,240,886415,48035,6334.0,245.0
Colorado,7,248,1215655,54290,14250.0,151.0
Colorado,8,248,1642292,58799,10849.0,111.0
Colorado,9,240,1909117,60271,13293.0,109.0
Colorado,10,248,2651624,67610,36754.0,248.0
Colorado,11,240,5058076,79208,126658.0,751.0
Colorado,12,248,9135593,127004,101077.0,1819.0
Connecticut,1,270,6650937,197020,64315.0,1051.0
Connecticut,3,216,14606,283,3128.0,69.0
Connecticut,4,270,467204,29752,24572.0,2188.0
Connecticut,5,279,1124193,101014,14501.0,1687.0
Connecticut,6,270,1348657,125398,4313.0,378.0
Connecticut,7,279,1483675,135762,3296.0,110.0
Connecticut,8,279,1585462,138000,3069.0,33.0
Connecticut,9,270,1651324,134566,4671.0,43.0
Connecticut,10,279,1961272,141104,13657.0,108.0
Connecticut,11,270,2784189,143360,46088.0,404.0
Connecticut,12,279,4793649,170624,68413.0,975.0
Delaware,1,300,2057423,30082,20095.0,155.0
Delaware,3,210,1887,31,319.0,10.0
Delaware,4,300,67480,1840,4415.0,142.0
Delaware,5,310,229386,8381,4764.0,214.0
Delaware,6,300,312601,13062,1976.0,143.0
Delaware,7,310,410198,16554,3314.0,76.0
Delaware,8,310,503506,18439,2641.0,20.0
Delaware,9,300,572135,18572,3184.0,31.0
Delaware,10,310,706558,20617,4338.0,72.0
Delaware,11,300,883967,22110,10703.0,64.0
Delaware,12,310,1466659,26058,21802.0,154.0
Florida,1,360,46165105,717321,390274.0,4687.0
Florida,3,372,35597,489,6742.0,85.0
Florida,4,360,671158,19495,26941.0,1182.0
Florida,5,372,1396018,59664,22472.0,1183.0
Florida,6,360,2637626,89605,96271.0,1054.0
Florida,7,372,9746638,149112,317952.0,3338.0
Florida,8,372,17469880,287667,153085.0,4344.0
Florida,9,360,20108236,385716,83045.0,3130.0
Florida,10,372,23278677,486884,96031.0,2444.0
Florida,11,360,26828632,528358,196772.0,1836.0
Florida,12,372,35950671,625248,323996.0,3076.0
Georgia,1,390,23201189,356278,237675.0,3188.0
Georgia,3,390,22119,699,4116.0,126.0
Georgia,4,390,453331,18051,21315.0,995.0
Georgia,5,403,1109472,48939,19620.0,898.0
Georgia,6,390,1734682,73197,32229.0,739.0
Georgia,7,403,3794129,96401,94062.0,916.0
Georgia,8,403,6755964,142202,82896.0,1832.0
Georgia,9,390,8427889,188261,47247.0,1355.0
Georgia,10,403,10651435,228370,71146.0,929.0
Georgia,11,390,12393149,260484,81697.0,1408.0
Georgia,12,403,16888026,307373,189737.0,1390.0
Hawaii,1,450,716843,9765,4249.0,118.0
Hawaii,3,390,1474,1,224.0,1.0
Hawaii,4,450,14988,274,385.0,15.0
Hawaii,5,465,19430,525,33.0,1.0
Hawaii,6,450,22303,514,259.0,1.0
Hawaii,7,465,41333,673,1187.0,7.0
Hawaii,8,465,156872,1257,6359.0,44.0
Hawaii,9,450,327696,3146,4108.0,66.0
Hawaii,10,465,433606,5681,2652.0,83.0
Hawaii,11,450,500379,6751,2799.0,24.0
Hawaii,12,465,611372,8405,3453.0,44.0
Idaho,1,480,4606754,47813,21374.0,289.0
Idaho,3,304,2359,34,526.0,9.0
Idaho,4,480,45937,1098,1490.0,54.0
Idaho,5,496,75057,2266,839.0,19.0
Idaho,6,480,116842,2628,3269.0,10.0
Idaho,7,496,412314,3800,14729.0,101.0
Idaho,8,496,848552,8590,11403.0,171.0
Idaho,9,480,1106607,12732,10293.0,105.0
Idaho,10,496,1634407,16628,22248.0,161.0
Idaho,11,480,2510599,23545,37361.0,307.0
Idaho,12,496,3855984,37822,39230.0,501.0
Illinois,1,646,31713381,593780,160610.0,3234.0
Illinois,2,493,59,0,1.0,0.0
Illinois,3,527,33167,450,5989.0,107.0
Illinois,4,510,802337,32642,46926.0,2254.0
Illinois,5,527,2822196,125228,67670.0,3065.0
Illinois,6,510,4025869,195076,24073.0,1710.0
Illinois,7,527,4987937,230706,36040.0,567.0
Illinois,8,527,6477545,247518,56981.0,555.0
Illinois,9,510,8067391,258320,59253.0,677.0
Illinois,10,527,10729137,293112,119622.0,1095.0
Illinois,11,510,17351219,341008,311268.0,2985.0
Illinois,12,527,26821457,487330,238015.0,4964.0
Indiana,1,540,17458714,277300,113614.0,1704.0
Indiana,3,468,10152,313,2177.0,61.0
Indiana,4,540,292473,16218,15922.0,1053.0
Indiana,5,558,857247,52744,17330.0,1020.0
Indiana,6,540,1241303,73069,11311.0,506.0
Indiana,7,558,1745006,86855,21060.0,325.0
Indiana,8,558,2546792,97177,28477.0,331.0
Indiana,9,540,3290139,103916,26018.0,336.0
Indiana,10,558,4586771,121734,59542.0,700.0
Indiana,11,540,7754614,150003,159857.0,1391.0
Indiana,12,558,13622860,218744,172761.0,2540.0
Iowa,1,570,9081415,128226,37398.0,760.0
Iowa,3,456,2794,26,498.0,7.0
Iowa,4,570,83724,1947,6647.0,155.0
Iowa,5,589,441186,10769,12476.0,375.0
Iowa,6,570,731691,19631,9531.0,180.0
Iowa,7,589,1152156,24212,15601.0,155.0
Iowa,8,589,1651099,30669,20499.0,248.0
Iowa,9,570,2312934,37216,23996.0,238.0
Iowa,10,589,3291856,47525,39550.0,358.0
Iowa,11,570,5542766,61570,101836.0,710.0
Iowa,12,589,8057514,102151,51078.0,1465.0
Kansas,1,600,7684161,100912,52168.0,1038.0
Kansas,3,500,2408,60,435.0,10.0
Kansas,4,600,55555,2241,3870.0,123.0
Kansas,5,620,241100,5676,5573.0,78.0
Kansas,6,600,355114,7457,4751.0,65.0
Kansas,7,620,663964,9654,13492.0,82.0
Kansas,8,620,1086757,12644,15286.0,93.0
Kansas,9,600,1554737,16808,17550.0,227.0
Kansas,10,620,2245140,26397,25814.0,351.0
Kansas,11,600,3684696,38850,73657.0,531.0
Kansas,12,620,6058556,67842,65027.0,1181.0
Kentucky,1,630,9662998,102616,96188.0,1011.0
Kentucky,3,546,3398,84,590.0,18.0
Kentucky,4,630,74780,3889,4118.0,222.0
Kentucky,5,651,234711,10848,5229.0,201.0
Kentucky,6,630,389689,15726,5979.0,147.0
Kentucky,7,651,694134,20877,15065.0,165.0
Kentucky,8,651,1272814,26308,19903.0,212.0
Kentucky,9,630,1873371,33249,21946.0,243.0
Kentucky,10,651,2751940,42363,36414.0,343.0
Kentucky,11,630,4313753,53507,74011.0,514.0
Kentucky,12,651,7192976,78888,85573.0,891.0
Louisiana,1,660,10814241,244212,82001.0,1313.0
Louisiana,3,506,28913,1137,5237.0,240.0
Louisiana,4,660,625639,32872,22807.0,1665.0
Louisiana,5,682,1061231,75798,11977.0,886.0
Louisiana,6,660,1436753,91082,18182.0,430.0
Louisiana,7,682,2696554,109304,58191.0,728.0
Louisiana,8,682,4228513,139101,32500.0,1001.0
Louisiana,9,660,4777934,157941,18564.0,561.0
Louisiana,10,682,5504935,177422,19191.0,408.0
Louisiana,11,660,6223001,184804,45765.0,501.0
Louisiana,12,682,8533266,215113,82861.0,1068.0
Maine,1,690,969182,14257,14967.0,243.0
Maine,3,460,2110,13,303.0,5.0
Maine,4,690,22358,843,792.0,48.0
Maine,5,713,52158,2180,1230.0,36.0
Maine,6,690,84057,3010,928.0,16.0
Maine,7,713,112034,3546,659.0,18.0
Maine,8,713,129919,3951,614.0,9.0
Maine,9,690,148402,4108,865.0,9.0
Maine,10,713,183375,4474,1277.0,6.0
Maine,11,690,274062,5020,5089.0,47.0
Maine,12,713,542935,8509,12444.0,153.0
Maryland,1,720,9585571,195417,76068.0,1212.0
Maryland,3,648,8831,84,1662.0,18.0
Maryland,4,720,327492,13760,20163.0,1121.0
Maryland,5,744,1190664,59244,31631.0,1393.0
Maryland,6,720,1867000,88044,14696.0,658.0
Maryland,7,744,2391813,103834,20755.0,303.0
Maryland,8,744,3103859,112721,19835.0,262.0
Maryland,9,720,3532754,115669,16475.0,194.0
Maryland,10,744,4187127,125065,20376.0,198.0
Maryland,11,720,5084196,130307,53117.0,494.0
Maryland,12,744,7457248,163321,78124.0,1254.0
Massachusetts,1,750,13687208,405306,146182.0,2108.0
Massachusetts,2,725,29,0,1.0,0.0
Massachusetts,3,775,34418,340,6619.0,89.0
Massachusetts,4,750,977699,42952,55585.0,3473.0
Massachusetts,5,775,2582585,170827,34760.0,3284.0
Massachusetts,6,750,3164865,228975,11917.0,1208.0
Massachusetts,7,775,3498717,259483,8730.0,555.0
Massachusetts,8,775,3824563,273880,10921.0,451.0
Massachusetts,9,750,3785693,277353,3583.0,396.0
Massachusetts,10,775,4449113,300917,26460.0,535.0
Massachusetts,11,750,5713002,310467,67556.0,757.0
Massachusetts,12,775,9388617,357261,149046.0,1675.0
Michigan,1,780,17245248,433899,81333.0,2506.0
Michigan,3,572,39225,967,7629.0,264.0
Michigan,4,780,818293,59519,33719.0,3524.0
Michigan,5,806,1558908,148969,16007.0,1703.0
Michigan,6,780,1981377,179464,13495.0,706.0
Michigan,7,806,2483179,196370,19902.0,256.0
Michigan,8,806,3165462,204451,22411.0,303.0
Michigan,9,780,3764054,207890,24911.0,328.0
Michigan,10,806,4999083,227720,59090.0,615.0
Michigan,11,780,8612383,255026,191200.0,1866.0
Michigan,12,806,14704932,357241,138835.0,3445.0
Minnesota,1,810,13264130,176696,45526.0,873.0
Minnesota,3,702,4480,47,629.0,12.0
Minnesota,4,810,65270,3818,4507.0,331.0
Minnesota,5,837,469404,21878,19724.0,707.0
Minnesota,6,810,925287,39472,11478.0,426.0
Minnesota,7,837,1388670,48459,18165.0,164.0
Minnesota,8,837,2020252,54441,21410.0,226.0
Minnesota,9,810,2608776,59400,23274.0,223.0
Minnesota,10,837,3740804,70493,49339.0,422.0
Minnesota,11,810,6851262,90661,170296.0,1141.0
Minnesota,12,837,11794182,142668,96539.0,1730.0
Mississippi,1,840,7433884,162561,58379.0,1231.0
Mississippi,3,588,5791,88,937.0,20.0
Mississippi,4,840,109721,3972,5878.0,241.0
Mississippi,5,868,344072,15804,8686.0,473.0
Mississippi,6,840,614642,27336,11747.0,339.0
Mississippi,7,868,1279092,40931,31499.0,590.0
Mississippi,8,868,2235453,64526,24203.0,810.0
Mississippi,9,840,2734173,82125,15240.0,496.0
Mississippi,10,868,3374666,97849,21970.0,365.0
Mississippi,11,840,4059206,107108,33110.0,473.0
Mississippi,12,868,5744183,132830,62541.0,980.0
Missouri,1,870,13850668,197570,74028.0,1288.0
Missouri,3,725,6536,96,1350.0,15.0
Missouri,4,870,144460,5056,6213.0,326.0
Missouri,5,899,334500,17904,5734.0,443.0
Missouri,6,870,517729,27450,8978.0,253.0
Missouri,7,899,1053767,35764,28799.0,268.0
Missouri,8,899,2121856,45188,35254.0,318.0
Missouri,9,870,3260351,56366,43737.0,534.0
Missouri,10,899,4918497,80448,59860.0,933.0
Missouri,11,870,7593756,105756,125056.0,891.0
Missouri,12,899,11517880,156027,103656.0,1906.0
Montana,1,900,2648313,32633,12092.0,271.0
Montana,3,570,1200,12,198.0,5.0
Montana,4,900,11538,280,254.0,11.0
Montana,5,930,14576,502,63.0,1.0
Montana,6,900,19781,581,452.0,5.0
Montana,7,930,71052,1109,3010.0,38.0
Montana,8,930,177325,2566,3463.0,44.0
Montana,9,900,294470,4277,5739.0,76.0
Montana,10,930,685645,7685,19622.0,197.0
Montana,11,900,1437310,15949,29455.0,307.0
Montana,12,930,2294485,25905,19445.0,278.0
Nebraska,1,930,5411523,56104,23568.0,332.0
Nebraska,2,403,151,0,13.0,0.0
Nebraska,3,961,1682,13,186.0,4.0
Nebraska,4,930,44916,866,4133.0,66.0
Nebraska,5,961,305559,3841,9769.0,108.0
Nebraska,6,930,508068,6926,5093.0,101.0
Nebraska,7,961,691529,9469,7017.0,59.0
Nebraska,8,961,939396,11402,8076.0,64.0
Nebraska,9,930,1186725,13519,11277.0,91.0
Nebraska,10,961,1761979,17361,25168.0,159.0
Nebraska,11,930,3006010,24945,57701.0,387.0
Nebraska,12,961,4686261,44201,38695.0,640.0
Nevada,1,960,7687238,110823,52382.0,1132.0
Nevada,3,864,6859,123,1113.0,26.0
Nevada,4,960,97660,4029,3940.0,217.0
Nevada,5,992,213197,10678,3575.0,176.0
Nevada,6,960,365782,14008,9954.0,88.0
Nevada,7,992,1014765,19854,29560.0,324.0
Nevada,8,992,1877885,33381,21176.0,474.0
Nevada,9,960,2237427,44410,10766.0,295.0
Nevada,10,992,2776684,52598,20760.0,179.0
Nevada,11,960,3718323,58319,51882.0,370.0
Nevada,12,992,5978179,81970,72452.0,987.0
New Hampshire,1,990,1669500,27210,21334.0,283.0
New Hampshire,3,990,2232,17,367.0,3.0
New Hampshire,4,990,36795,1009,1779.0,69.0
New Hampshire,5,1023,109009,5085,2505.0,173.0
New Hampshire,6,990,159771,9573,1131.0,126.0
New Hampshire,7,1023,190987,12246,801.0,44.0
New Hampshire,8,1023,215935,13146,692.0,17.0
New Hampshire,9,990,233082,13080,991.0,7.0
New Hampshire,10,1023,296949,14313,2818.0,44.0
New Hampshire,11,990,458040,15030,9910.0,43.0
New Hampshire,12,1023,1021905,19497,23034.0,233.0
New Jersey,1,1020,18287517,609016,213162.0,2413.0
New Jersey,3,952,92534,1165,18696.0,267.0
New Jersey,4,1020,2186635,102708,99956.0,6961.0
New Jersey,5,1054,4470485,308935,41793.0,4470.0
New Jersey,6,1020,5021309,388821,13076.0,3337.0
New Jersey,7,1054,5527664,482461,10014.0,784.0
New Jersey,8,1054,5859177,492942,10205.0,126.0
New Jersey,9,1020,5995211,481278,13322.0,177.0
New Jersey,10,1054,6855288,502729,32617.0,228.0
New Jersey,11,1020,8546314,498695,99454.0,643.0
New Jersey,12,1054,12848523,557416,140248.0,2049.0
New Mexico,1,1050,4817642,86832,30642.0,788.0
New Mexico,3,735,1989,16,315.0,5.0
New Mexico,4,1050,49429,1472,3096.0,118.0
New Mexico,5,1085,177992,7739,4278.0,233.0
New Mexico,6,1050,298314,13155,4458.0,141.0
New Mexico,7,1085,504146,17513,8453.0,145.0
New Mexico,8,1085,721859,22130,4752.0,137.0
New Mexico,9,1050,815678,24979,4083.0,98.0
New Mexico,10,1085,1131556,28959,17055.0,141.0
New Mexico,11,1050,2072561,37834,50605.0,550.0
New Mexico,12,1085,3813148,63226,45802.0,911.0
New York,1,1080,36325821,1208784,429915.0,5439.0
New York,3,1116,464981,7943,76211.0,1929.0
New York,4,1080,6328973,425198,233485.0,21687.0
New York,5,1116,10850463,854088,65879.0,6083.0
New York,6,1080,11656829,918476,22567.0,2077.0
New York,7,1116,12690287,995461,21581.0,596.0
New York,8,1116,13329072,1005469,19757.0,169.0
New York,9,1080,13535662,979548,23889.0,216.0
New York,10,1116,15087402,1021540,48854.0,395.0
New York,11,1080,17164028,1007246,140525.0,998.0
New York,12,1116,25200181,1105629,326292.0,3407.0
North Carolina,1,1110,19746602,239819,209047.0,2404.0
North Carolina,3,1073,8617,32,1527.0,10.0
North Carolina,4,1110,168317,4804,8980.0,375.0
North Carolina,5,1147,573602,20390,18179.0,526.0
North Carolina,6,1110,1381996,34879,36378.0,451.0
North Carolina,7,1147,2908111,50375,57306.0,585.0
North Carolina,8,1147,4509937,73585,45619.0,786.0
North Carolina,9,1110,5679982,94769,43015.0,832.0
North Carolina,10,1147,7503763,122389,63801.0,835.0
North Carolina,11,1110,9508648,145747,90163.0,896.0
North Carolina,12,1147,14063411,187486,176102.0,1515.0
North Dakota,1,1140,2863172,41632,5085.0,148.0
North Dakota,3,798,787,9,126.0,3.0
North Dakota,4,1140,14825,296,941.0,16.0
North Dakota,5,1178,57787,1330,1513.0,45.0
North Dakota,6,1140,93310,2366,1005.0,24.0
North Dakota,7,1178,149692,2956,2888.0,19.0
North Dakota,8,1178,273194,3967,5347.0,40.0
North Dakota,9,1140,496720,5601,10029.0,103.0
North Dakota,10,1178,969332,11976,22072.0,279.0
North Dakota,11,1140,1905017,22471,35337.0,404.0
North Dakota,12,1178,2721037,36093,13244.0,366.0
Ohio,1,1170,24275369,302104,192401.0,2162.0
Ohio,3,897,12114,219,2199.0,55.0
Ohio,4,1170,287164,12517,15828.0,920.0
Ohio,5,1209,847509,49709,17486.0,1180.0
Ohio,6,1170,1279993,77119,16276.0,708.0
Ohio,7,1209,2204116,97128,39370.0,626.0
Ohio,8,1209,3343527,118706,31998.0,649.0
Ohio,9,1170,4190398,134914,30830.0,666.0
Ohio,10,1209,5591170,157317,61710.0,497.0
Ohio,11,1170,9233817,174314,205366.0,1128.0
Ohio,12,1209,17895416,240430,279317.0,2533.0
Oklahoma,1,1200,10353565,88721,95654.0,1015.0
Oklahoma,3,1040,3069,101,566.0,23.0
Oklahoma,4,1200,67883,3692,3052.0,199.0
Oklahoma,5,1240,160500,8877,2888.0,112.0
Oklahoma,6,1200,277672,10849,7251.0,53.0
Oklahoma,7,1240,738132,13870,22699.0,154.0
Oklahoma,8,1240,1492560,20766,22277.0,259.0
Oklahoma,9,1200,2178612,27571,28466.0,231.0
Oklahoma,10,1240,3264217,36040,35563.0,306.0
Oklahoma,11,1200,4710466,46241,74983.0,406.0
Oklahoma,12,1240,7619429,65753,93191.0,746.0
Oregon,1,1230,3907429,52217,28488.0,487.0
Oregon,2,82,2,0,1.0,0.0
Oregon,3,1271,4621,129,689.0,18.0
Oregon,4,1230,50484,1829,1820.0,85.0
Oregon,5,1271,108485,4161,1733.0,50.0
Oregon,6,1230,184416,5420,4452.0,57.0
Oregon,7,1271,421377,7946,9815.0,115.0
Oregon,8,1271,713551,12219,8213.0,142.0
Oregon,9,1230,900076,15457,6831.0,93.0
Oregon,10,1271,1208025,19245,11369.0,130.0
Oregon,11,1230,1751804,23590,30531.0,229.0
Oregon,12,1271,3000761,38399,38475.0,566.0
Pennsylvania,1,1260,22674810,567018,198459.0,5638.0
Pennsylvania,3,1092,23859,268,4997.0,72.0
Pennsylvania,4,1260,822697,30595,43227.0,2508.0
Pennsylvania,5,1302,1994490,134081,27994.0,2975.0
Pennsylvania,6,1260,2516170,188226,15008.0,1140.0
Pennsylvania,7,1302,3210520,217270,25561.0,566.0
Pennsylvania,8,1302,3985340,233003,22053.0,482.0
Pennsylvania,9,1260,4544303,239575,25295.0,473.0
Pennsylvania,10,1302,5751331,264555,48681.0,667.0
Pennsylvania,11,1260,8392893,286087,154155.0,1556.0
Pennsylvania,12,1302,16063356,408981,279089.0,5581.0
Puerto Rico,1,2160,3583023,50379,17115.0,320.0
Puerto Rico,3,1368,995,35,239.0,8.0
Puerto Rico,4,2160,28004,1450,1298.0,84.0
Puerto Rico,5,2232,81768,3633,2239.0,44.0
Puerto Rico,6,2160,174784,4380,3689.0,17.0
Puerto Rico,7,2232,353563,5485,9316.0,66.0
Puerto Rico,8,2232,802706,10262,16418.0,215.0
Puerto Rico,9,2160,1187034,16703,15556.0,227.0
Puerto Rico,10,2232,1763740,23298,17373.0,161.0
Puerto Rico,11,2160,2293262,28581,20032.0,284.0
Puerto Rico,12,2232,3044907,40689,23746.0,397.0
Rhode Island,1,1320,3093668,59775,26489.0,377.0
Rhode Island,3,1364,2570,17,488.0,8.0
Rhode Island,4,1320,119603,3459,8133.0,258.0
Rhode Island,5,1364,381262,15471,6307.0,452.0
Rhode Island,6,1320,481310,25484,1885.0,232.0
Rhode Island,7,1364,549884,30536,2209.0,57.0
Rhode Island,8,1364,635058,31771,2927.0,41.0
Rhode Island,9,1320,698781,32422,2799.0,66.0
Rhode Island,10,1364,871329,35738,8126.0,87.0
Rhode Island,11,1320,1314015,38173,23849.0,172.0
Rhode Island,12,1364,2303209,48953,31226.0,404.0
South Carolina,1,1350,11326034,182852,132278.0,1718.0
South Carolina,3,1170,6329,127,1083.0,22.0
South Carolina,4,1350,113247,3284,5012.0,222.0
South Carolina,5,1395,269994,11736,5766.0,250.0
South Carolina,6,1350,636483,18424,24538.0,245.0
South Carolina,7,1395,1978230,35108,52617.0,973.0
South Carolina,8,1395,3278566,70086,29976.0,1008.0
South Carolina,9,1350,4017202,92881,28950.0,658.0
South Carolina,10,1395,5027463,112970,28670.0,557.0
South Carolina,11,1350,5897776,124600,40875.0,446.0
South Carolina,12,1395,8095910,149492,90020.0,915.0
South Dakota,1,1380,3136290,48822,8906.0,287.0
South Dakota,3,1012,711,22,107.0,1.0
South Dakota,4,1380,36231,211,2343.0,16.0
South Dakota,5,1426,118915,1278,2543.0,45.0
South Dakota,6,1380,177958,2282,1771.0,29.0
South Dakota,7,1426,240095,3471,2000.0,39.0
South Dakota,8,1426,326993,4707,4745.0,37.0
South Dakota,9,1380,529111,5746,8880.0,56.0
South Dakota,10,1426,1007707,9767,23603.0,202.0
South Dakota,11,1380,1938994,19937,34472.0,521.0
South Dakota,12,1426,2843018,39407,18700.0,542.0
Tennessee,1,1410,19714969,244850,138169.0,2637.0
Tennessee,3,1269,12360,59,2049.0,13.0
Tennessee,4,1410,187332,3741,8457.0,187.0
Tennessee,5,1457,536423,8850,12326.0,160.0
Tennessee,6,1410,956724,14450,19983.0,237.0
Tennessee,7,1457,2204796,24839,60329.0,450.0
Tennessee,8,1457,4014961,42831,48889.0,680.0
Tennessee,9,1410,5211831,62682,41324.0,702.0
Tennessee,10,1457,6915907,88765,63566.0,893.0
Tennessee,11,1410,9231001,117769,109489.0,1224.0
Tennessee,12,1457,14564881,176044,206167.0,2300.0
Texas,1,1440,62535737,970974,590654.0,8941.0
Texas,2,864,91,0,11.0,0.0
Texas,3,1488,20623,270,3577.0,57.0
Texas,4,1440,494349,12274,25484.0,771.0
Texas,5,1488,1463433,40047,35902.0,855.0
Texas,6,1440,3090759,62054,101729.0,799.0
Texas,7,1488,9496585,126673,276387.0,4791.0
Texas,8,1488,17220155,320762,197227.0,5584.0
Texas,9,1440,21291250,440263,143710.0,3245.0
Texas,10,1488,26765048,539095,169424.0,2447.0
Texas,11,1440,33105809,607190,308694.0,3419.0
Texas,12,1488,47238530,779112,510018.0,6187.0
Utah,1,1470,9495922,44132,68818.0,394.0
Utah,2,245,5,0,1.0,0.0
Utah,3,1519,5562,20,886.0,5.0
Utah,4,1470,82277,722,3785.0,41.0
Utah,5,1519,221484,2472,5157.0,67.0
Utah,6,1470,464269,4294,12535.0,59.0
Utah,7,1519,988673,7305,17894.0,136.0
Utah,8,1519,1445189,11327,11908.0,101.0
Utah,9,1470,1830446,13068,20887.0,51.0
Utah,10,1519,2871556,16605,41617.0,144.0
Utah,11,1470,4662973,21949,81074.0,267.0
Utah,12,1519,7429166,33745,80868.0,399.0
Vermont,1,1500,291847,4805,4419.0,37.0
Vermont,3,1250,1850,93,293.0,13.0
Vermont,4,1500,21158,958,573.0,35.0
Vermont,5,1550,29029,1651,115.0,7.0
Vermont,6,1500,33551,1663,227.0,1.0
Vermont,7,1550,41004,1738,206.0,1.0
Vermont,8,1550,46881,1793,210.0,1.0
Vermont,9,1500,50777,1740,128.0,0.0
Vermont,10,1550,60075,1798,427.0,0.0
Vermont,11,1500,91482,1831,1993.0,11.0
Vermont,12,1550,185248,3169,3240.0,67.0
Virginia,1,1530,12852228,170477,152637.0,1417.0
Virginia,3,1275,6976,162,1249.0,27.0
Virginia,4,1530,223907,7019,14597.0,525.0
Virginia,5,1581,925411,30685,28761.0,823.0
Virginia,6,1530,1644315,47056,18180.0,388.0
Virginia,7,1581,2330822,61641,27101.0,411.0
Virginia,8,1581,3291471,74189,30706.0,406.0
Virginia,9,1530,4069810,86483,27677.0,628.0
Virginia,10,1581,5085677,106447,32919.0,446.0
Virginia,11,1530,6195771,115120,56645.0,408.0
Virginia,12,1581,9076350,140241,111749.0,970.0
Washington,1,2173,8627182,118405,64385.0,845.0
Washington,2,1537,60,1,9.0,1.0
Washington,3,1643,46214,2377,5283.0,225.0
Washington,4,1590,327552,16938,9521.0,596.0
Washington,5,1643,594493,30824,8000.0,304.0
Washington,6,1590,845988,36893,11727.0,207.0
Washington,7,1643,1439072,46101,24184.0,320.0
Washington,8,1643,2150641,57397,18993.0,349.0
Washington,9,1590,2537498,63369,13842.0,220.0
Washington,10,1643,3148094,72562,21020.0,246.0
Washington,11,1590,4172887,80071,59595.0,427.0
Washington,12,1643,6674793,98238,78889.0,628.0
West Virginia,1,1620,3179069,51215,35006.0,677.0
West Virginia,3,810,866,3,162.0,1.0
West Virginia,4,1620,21315,515,964.0,43.0
West Virginia,5,1674,47442,1951,884.0,31.0
West Virginia,6,1620,71793,2613,894.0,18.0
West Virginia,7,1674,145677,3101,3738.0,23.0
West Virginia,8,1674,262522,4966,3608.0,98.0
West Virginia,9,1620,394496,8578,5598.0,136.0
West Virginia,10,1674,609037,12325,8612.0,107.0
West Virginia,11,1620,1046960,17759,23382.0,278.0
West Virginia,12,1674,2081323,32316,37492.0,603.0
Wisconsin,1,1650,16825238,174715,70559.0,1188.0
Wisconsin,2,1375,25,0,1.0,0.0
Wisconsin,3,1705,9353,135,1350.0,25.0
Wisconsin,4,1650,119648,5402,5622.0,291.0
Wisconsin,5,1705,391353,13922,11711.0,278.0
Wisconsin,6,1650,761387,21236,13039.0,199.0
Wisconsin,7,1705,1357567,26417,25297.0,150.0
Wisconsin,8,1705,2165905,32504,23713.0,189.0
Wisconsin,9,1650,3030848,36898,48439.0,206.0
Wisconsin,10,1705,5505967,50372,108698.0,754.0
Wisconsin,11,1650,9932235,84560,173860.0,1412.0
Wisconsin,12,1705,14724521,139531,108708.0,1741.0
Wyoming,1,1680,1457374,15693,7295.0,158.0
Wyoming,3,1176,776,0,121.0,0.0
Wyoming,4,1680,10987,82,438.0,7.0
Wyoming,5,1736,22780,300,344.0,9.0
Wyoming,6,1680,33714,555,584.0,4.0
Wyoming,7,1736,63980,710,1239.0,6.0
Wyoming,8,1736,102356,991,1116.0,11.0
Wyoming,9,1680,140056,1375,2106.0,13.0
Wyoming,10,1736,279238,1926,7350.0,37.0
Wyoming,11,1680,698301,4563,20007.0,128.0
Wyoming,12,1736,1239260,10232,11104.0,223.0
